x-axis,1
second,Volt
-99.8000E-03,
-99.7000E-03,
-99.6000E-03,+355.5E-06
-99.5000E-03,+958.5E-06
-99.4000E-03,+757.5E-06
-99.3000E-03,-2.2073E-03
-99.2000E-03,-850.5E-06
-99.1000E-03,+305.3E-06
-99.0000E-03,-297.7E-06
-98.9000E-03,-1.4535E-03
-98.8000E-03,+606.8E-06
-98.7000E-03,-900.8E-06
-98.6000E-03,+1.0088E-03
-98.5000E-03,+405.8E-06
-98.4000E-03,+204.8E-06
-98.3000E-03,+305.3E-06
-98.2000E-03,-900.8E-06
-98.1000E-03,+1.0590E-03
-98.0000E-03,-2.5590E-03
-97.9000E-03,+104.3E-06
-97.8000E-03,+556.5E-06
-97.7000E-03,-1.4033E-03
-97.6000E-03,+1.0590E-03
-97.5000E-03,-2.2575E-03
-97.4000E-03,-1.9058E-03
-97.3000E-03,-1.9560E-03
-97.2000E-03,+908.3E-06
-97.1000E-03,-1.5038E-03
-97.0000E-03,-1.7550E-03
-96.9000E-03,-2.6093E-03
-96.8000E-03,-1.8555E-03
-96.7000E-03,-850.5E-06
-96.6000E-03,-348.0E-06
-96.5000E-03,+1.1093E-03
-96.4000E-03,+858.0E-06
-96.3000E-03,-2.8103E-03
-96.2000E-03,-147.0E-06
-96.1000E-03,-2.2073E-03
-96.0000E-03,-3.0113E-03
-95.9000E-03,-96.7E-06
-95.8000E-03,-1.4033E-03
-95.7000E-03,-850.5E-06
-95.6000E-03,-1.3028E-03
-95.5000E-03,-448.5E-06
-95.4000E-03,+1.7123E-03
-95.3000E-03,-297.7E-06
-95.2000E-03,+2.4661E-03
-95.1000E-03,+1.4108E-03
-95.0000E-03,-599.2E-06
-94.9000E-03,+54.0E-06
-94.8000E-03,-46.5E-06
-94.7000E-03,+2.4661E-03
-94.6000E-03,-1.8053E-03
-94.5000E-03,-96.7E-06
-94.4000E-03,-1.7048E-03
-94.3000E-03,+3.8E-06
-94.2000E-03,+54.0E-06
-94.1000E-03,-2.0565E-03
-94.0000E-03,+305.3E-06
-93.9000E-03,+2.1646E-03
-93.8000E-03,-2.9611E-03
-93.7000E-03,-1.5038E-03
-93.6000E-03,+606.8E-06
-93.5000E-03,-549.0E-06
-93.4000E-03,-1.5038E-03
-93.3000E-03,-649.5E-06
-93.2000E-03,-1.4535E-03
-93.1000E-03,+104.3E-06
-93.0000E-03,-699.7E-06
-92.9000E-03,-398.2E-06
-92.8000E-03,+1.1595E-03
-92.7000E-03,-2.7098E-03
-92.6000E-03,-2.3078E-03
-92.5000E-03,+858.0E-06
-92.4000E-03,-96.7E-06
-92.3000E-03,-1.3028E-03
-92.2000E-03,+606.8E-06
-92.1000E-03,-549.0E-06
-92.0000E-03,-1.0013E-03
-91.9000E-03,-297.7E-06
-91.8000E-03,-1.2023E-03
-91.7000E-03,+1.0590E-03
-91.6000E-03,-800.3E-06
-91.5000E-03,+1.9133E-03
-91.4000E-03,+1.0088E-03
-91.3000E-03,+2.0641E-03
-91.2000E-03,-2.6595E-03
-91.1000E-03,+1.2601E-03
-91.0000E-03,-1.3028E-03
-90.9000E-03,+2.2148E-03
-90.8000E-03,+1.6621E-03
-90.7000E-03,+707.3E-06
-90.6000E-03,-1.1018E-03
-90.5000E-03,-1.9560E-03
-90.4000E-03,+3.8E-06
-90.3000E-03,-1.7550E-03
-90.2000E-03,-2.7601E-03
-90.1000E-03,+707.3E-06
-90.0000E-03,-2.2575E-03
-89.9000E-03,-197.2E-06
-89.8000E-03,-1.1520E-03
-89.7000E-03,+405.8E-06
-89.6000E-03,+556.5E-06
-89.5000E-03,+1.7626E-03
-89.4000E-03,-3.8153E-03
-89.3000E-03,+606.8E-06
-89.2000E-03,-800.3E-06
-89.1000E-03,+757.5E-06
-89.0000E-03,-1.5038E-03
-88.9000E-03,-46.5E-06
-88.8000E-03,-1.3530E-03
-88.7000E-03,+255.0E-06
-88.6000E-03,-398.2E-06
-88.5000E-03,-1.4535E-03
-88.4000E-03,-96.7E-06
-88.3000E-03,-2.0565E-03
-88.2000E-03,-649.5E-06
-88.1000E-03,-1.6545E-03
-88.0000E-03,+305.3E-06
-87.9000E-03,-1.8555E-03
-87.8000E-03,-951.0E-06
-87.7000E-03,-1.5038E-03
-87.6000E-03,-900.8E-06
-87.5000E-03,-1.0515E-03
-87.4000E-03,-2.0565E-03
-87.3000E-03,+1.9133E-03
-87.2000E-03,-147.0E-06
-87.1000E-03,-599.2E-06
-87.0000E-03,+657.0E-06
-86.9000E-03,-699.7E-06
-86.8000E-03,-1.4033E-03
-86.7000E-03,+606.8E-06
-86.6000E-03,-1.9058E-03
-86.5000E-03,-800.3E-06
-86.4000E-03,-549.0E-06
-86.3000E-03,+1.3103E-03
-86.2000E-03,-951.0E-06
-86.1000E-03,+1.3103E-03
-86.0000E-03,+2.2148E-03
-85.9000E-03,-1.6043E-03
-85.8000E-03,+1.1093E-03
-85.7000E-03,+1.9133E-03
-85.6000E-03,+1.3103E-03
-85.5000E-03,+807.8E-06
-85.4000E-03,-2.5088E-03
-85.3000E-03,+2.4158E-03
-85.2000E-03,-448.5E-06
-85.1000E-03,-398.2E-06
-85.0000E-03,-1.0515E-03
-84.9000E-03,+1.6118E-03
-84.8000E-03,-1.4535E-03
-84.7000E-03,+355.5E-06
-84.6000E-03,+556.5E-06
-84.5000E-03,+54.0E-06
-84.4000E-03,-448.5E-06
-84.3000E-03,+2.1646E-03
-84.2000E-03,+1.1093E-03
-84.1000E-03,-1.5540E-03
-84.0000E-03,-498.7E-06
-83.9000E-03,-549.0E-06
-83.8000E-03,-1.7550E-03
-83.7000E-03,+657.0E-06
-83.6000E-03,-1.9058E-03
-83.5000E-03,+456.0E-06
-83.4000E-03,+858.0E-06
-83.3000E-03,-1.2023E-03
-83.2000E-03,-1.1520E-03
-83.1000E-03,+707.3E-06
-83.0000E-03,+54.0E-06
-82.9000E-03,+1.5616E-03
-82.8000E-03,-1.0515E-03
-82.7000E-03,+2.4158E-03
-82.6000E-03,+305.3E-06
-82.5000E-03,+757.5E-06
-82.4000E-03,-1.0013E-03
-82.3000E-03,-1.3028E-03
-82.2000E-03,+1.0590E-03
-82.1000E-03,+305.3E-06
-82.0000E-03,-2.7098E-03
-81.9000E-03,-2.1570E-03
-81.8000E-03,+1.6621E-03
-81.7000E-03,+54.0E-06
-81.6000E-03,-1.9560E-03
-81.5000E-03,+305.3E-06
-81.4000E-03,-96.7E-06
-81.3000E-03,+255.0E-06
-81.2000E-03,+456.0E-06
-81.1000E-03,+54.0E-06
-81.0000E-03,-197.2E-06
-80.9000E-03,-3.3631E-03
-80.8000E-03,+1.2601E-03
-80.7000E-03,-1.1018E-03
-80.6000E-03,+255.0E-06
-80.5000E-03,+1.0088E-03
-80.4000E-03,+1.4611E-03
-80.3000E-03,+305.3E-06
-80.2000E-03,-1.2525E-03
-80.1000E-03,-900.8E-06
-80.0000E-03,-1.1018E-03
-79.9000E-03,+405.8E-06
-79.8000E-03,-1.4535E-03
-79.7000E-03,-147.0E-06
-79.6000E-03,+858.0E-06
-79.5000E-03,+3.2701E-03
-79.4000E-03,-1.8555E-03
-79.3000E-03,+2.2651E-03
-79.2000E-03,-850.5E-06
-79.1000E-03,+556.5E-06
-79.0000E-03,+3.3706E-03
-78.9000E-03,-1.2525E-03
-78.8000E-03,+456.0E-06
-78.7000E-03,-96.7E-06
-78.6000E-03,+707.3E-06
-78.5000E-03,+2.7676E-03
-78.4000E-03,+3.0188E-03
-78.3000E-03,-398.2E-06
-78.2000E-03,+1.5616E-03
-78.1000E-03,-649.5E-06
-78.0000E-03,+355.5E-06
-77.9000E-03,+2.8681E-03
-77.8000E-03,+456.0E-06
-77.7000E-03,+204.8E-06
-77.6000E-03,-1.4535E-03
-77.5000E-03,+405.8E-06
-77.4000E-03,-1.3028E-03
-77.3000E-03,-1.0515E-03
-77.2000E-03,-46.5E-06
-77.1000E-03,-1.5038E-03
-77.0000E-03,-348.0E-06
-76.9000E-03,+2.3656E-03
-76.8000E-03,+1.2601E-03
-76.7000E-03,-147.0E-06
-76.6000E-03,+355.5E-06
-76.5000E-03,-398.2E-06
-76.4000E-03,+3.8E-06
-76.3000E-03,+807.8E-06
-76.2000E-03,-800.3E-06
-76.1000E-03,-348.0E-06
-76.0000E-03,-2.1068E-03
-75.9000E-03,-1.4535E-03
-75.8000E-03,+204.8E-06
-75.7000E-03,-398.2E-06
-75.6000E-03,+2.9686E-03
-75.5000E-03,-1.2023E-03
-75.4000E-03,+807.8E-06
-75.3000E-03,-197.2E-06
-75.2000E-03,-1.7048E-03
-75.1000E-03,+556.5E-06
-75.0000E-03,-1.6043E-03
-74.9000E-03,-398.2E-06
-74.8000E-03,-699.7E-06
-74.7000E-03,-951.0E-06
-74.6000E-03,-1.1520E-03
-74.5000E-03,-2.7098E-03
-74.4000E-03,+958.5E-06
-74.3000E-03,+657.0E-06
-74.2000E-03,+154.5E-06
-74.1000E-03,+707.3E-06
-74.0000E-03,-1.1018E-03
-73.9000E-03,+1.3606E-03
-73.8000E-03,-96.7E-06
-73.7000E-03,-1.3530E-03
-73.6000E-03,-297.7E-06
-73.5000E-03,-247.5E-06
-73.4000E-03,-750.0E-06
-73.3000E-03,-549.0E-06
-73.2000E-03,-147.0E-06
-73.1000E-03,+1.7123E-03
-73.0000E-03,-297.7E-06
-72.9000E-03,-498.7E-06
-72.8000E-03,+807.8E-06
-72.7000E-03,-2.4083E-03
-72.6000E-03,+104.3E-06
-72.5000E-03,-699.7E-06
-72.4000E-03,-2.9108E-03
-72.3000E-03,+1.0590E-03
-72.2000E-03,-1.6545E-03
-72.1000E-03,-2.2073E-03
-72.0000E-03,-3.4133E-03
-71.9000E-03,-2.6595E-03
-71.8000E-03,-2.0565E-03
-71.7000E-03,-448.5E-06
-71.6000E-03,-1.6043E-03
-71.5000E-03,-2.1068E-03
-71.4000E-03,-1.2525E-03
-71.3000E-03,-599.2E-06
-71.2000E-03,+204.8E-06
-71.1000E-03,-1.8053E-03
-71.0000E-03,-3.1621E-03
-70.9000E-03,+657.0E-06
-70.8000E-03,+1.4108E-03
-70.7000E-03,-1.6545E-03
-70.6000E-03,+657.0E-06
-70.5000E-03,-96.7E-06
-70.4000E-03,+606.8E-06
-70.3000E-03,-800.3E-06
-70.2000E-03,-850.5E-06
-70.1000E-03,-549.0E-06
-70.0000E-03,+54.0E-06
-69.9000E-03,+707.3E-06
-69.8000E-03,+2.3153E-03
-69.7000E-03,+1.8128E-03
-69.6000E-03,+3.1696E-03
-69.5000E-03,-197.2E-06
-69.4000E-03,-1.2525E-03
-69.3000E-03,+858.0E-06
-69.2000E-03,-1.2525E-03
-69.1000E-03,+2.3656E-03
-69.0000E-03,+405.8E-06
-68.9000E-03,+807.8E-06
-68.8000E-03,+1.7626E-03
-68.7000E-03,-750.0E-06
-68.6000E-03,+2.5666E-03
-68.5000E-03,+1.2098E-03
-68.4000E-03,-1.8555E-03
-68.3000E-03,-1.3530E-03
-68.2000E-03,+1.1595E-03
-68.1000E-03,-599.2E-06
-68.0000E-03,+657.0E-06
-67.9000E-03,+3.8E-06
-67.8000E-03,+1.1595E-03
-67.7000E-03,+858.0E-06
-67.6000E-03,+1.0088E-03
-67.5000E-03,-1.8053E-03
-67.4000E-03,-1.6043E-03
-67.3000E-03,-1.8555E-03
-67.2000E-03,-197.2E-06
-67.1000E-03,-2.2073E-03
-67.0000E-03,-2.1068E-03
-66.9000E-03,-498.7E-06
-66.8000E-03,+1.5113E-03
-66.7000E-03,+757.5E-06
-66.6000E-03,-2.7601E-03
-66.5000E-03,-1.6545E-03
-66.4000E-03,-1.4033E-03
-66.3000E-03,-1.9560E-03
-66.2000E-03,-1.2525E-03
-66.1000E-03,-1.2525E-03
-66.0000E-03,+2.7676E-03
-65.9000E-03,+807.8E-06
-65.8000E-03,-1.6545E-03
-65.7000E-03,+405.8E-06
-65.6000E-03,-1.6043E-03
-65.5000E-03,+2.0138E-03
-65.4000E-03,-1.6545E-03
-65.3000E-03,-1.8555E-03
-65.2000E-03,-800.3E-06
-65.1000E-03,+154.5E-06
-65.0000E-03,-147.0E-06
-64.9000E-03,-1.0013E-03
-64.8000E-03,+305.3E-06
-64.7000E-03,+657.0E-06
-64.6000E-03,+255.0E-06
-64.5000E-03,-2.1570E-03
-64.4000E-03,-2.2073E-03
-64.3000E-03,+1.2098E-03
-64.2000E-03,-1.2525E-03
-64.1000E-03,-1.8555E-03
-64.0000E-03,-699.7E-06
-63.9000E-03,-1.2525E-03
-63.8000E-03,-1.5038E-03
-63.7000E-03,-46.5E-06
-63.6000E-03,-1.3028E-03
-63.5000E-03,+3.8E-06
-63.4000E-03,-1.5038E-03
-63.3000E-03,-951.0E-06
-63.2000E-03,-850.5E-06
-63.1000E-03,+757.5E-06
-63.0000E-03,-3.9158E-03
-62.9000E-03,-96.7E-06
-62.8000E-03,-398.2E-06
-62.7000E-03,-1.0515E-03
-62.6000E-03,-1.9560E-03
-62.5000E-03,+958.5E-06
-62.4000E-03,-348.0E-06
-62.3000E-03,-649.5E-06
-62.2000E-03,-1.2023E-03
-62.1000E-03,+1.8631E-03
-62.0000E-03,-2.0565E-03
-61.9000E-03,+1.1093E-03
-61.8000E-03,-850.5E-06
-61.7000E-03,+908.3E-06
-61.6000E-03,+1.3103E-03
-61.5000E-03,+1.9636E-03
-61.4000E-03,-1.4033E-03
-61.3000E-03,+958.5E-06
-61.2000E-03,+3.4209E-03
-61.1000E-03,+154.5E-06
-61.0000E-03,+2.1646E-03
-60.9000E-03,+1.3103E-03
-60.8000E-03,-699.7E-06
-60.7000E-03,-197.2E-06
-60.6000E-03,-1.3028E-03
-60.5000E-03,+154.5E-06
-60.4000E-03,+255.0E-06
-60.3000E-03,-96.7E-06
-60.2000E-03,-1.3028E-03
-60.1000E-03,-2.2073E-03
-60.0000E-03,+2.0138E-03
-59.9000E-03,+305.3E-06
-59.8000E-03,-1.7048E-03
-59.7000E-03,+506.3E-06
-59.6000E-03,+506.3E-06
-59.5000E-03,-2.8606E-03
-59.4000E-03,+908.3E-06
-59.3000E-03,-2.8103E-03
-59.2000E-03,-96.7E-06
-59.1000E-03,-498.7E-06
-59.0000E-03,+1.3103E-03
-58.9000E-03,+1.1595E-03
-58.8000E-03,+556.5E-06
-58.7000E-03,+1.3103E-03
-58.6000E-03,+958.5E-06
-58.5000E-03,-2.1068E-03
-58.4000E-03,-96.7E-06
-58.3000E-03,+1.2098E-03
-58.2000E-03,+405.8E-06
-58.1000E-03,+405.8E-06
-58.0000E-03,+3.0188E-03
-57.9000E-03,-147.0E-06
-57.8000E-03,-549.0E-06
-57.7000E-03,-147.0E-06
-57.6000E-03,+1.5113E-03
-57.5000E-03,+807.8E-06
-57.4000E-03,+2.1646E-03
-57.3000E-03,+1.3103E-03
-57.2000E-03,-1.7550E-03
-57.1000E-03,-599.2E-06
-57.0000E-03,+556.5E-06
-56.9000E-03,-1.8053E-03
-56.8000E-03,-3.0113E-03
-56.7000E-03,+2.0138E-03
-56.6000E-03,-1.4033E-03
-56.5000E-03,-1.7550E-03
-56.4000E-03,-1.5038E-03
-56.3000E-03,+1.3103E-03
-56.2000E-03,-96.7E-06
-56.1000E-03,-1.6545E-03
-56.0000E-03,+1.5616E-03
-55.9000E-03,-549.0E-06
-55.8000E-03,-1.8053E-03
-55.7000E-03,-2.3580E-03
-55.6000E-03,-2.2575E-03
-55.5000E-03,+556.5E-06
-55.4000E-03,-1.2525E-03
-55.3000E-03,-1.4535E-03
-55.2000E-03,-1.4535E-03
-55.1000E-03,+255.0E-06
-55.0000E-03,+606.8E-06
-54.9000E-03,+1.2098E-03
-54.8000E-03,+1.6621E-03
-54.7000E-03,+657.0E-06
-54.6000E-03,-1.0013E-03
-54.5000E-03,-1.3530E-03
-54.4000E-03,+657.0E-06
-54.3000E-03,+1.0088E-03
-54.2000E-03,+154.5E-06
-54.1000E-03,-2.3078E-03
-54.0000E-03,-1.0515E-03
-53.9000E-03,-1.2525E-03
-53.8000E-03,+3.0188E-03
-53.7000E-03,-1.5540E-03
-53.6000E-03,+2.6168E-03
-53.5000E-03,+1.6621E-03
-53.4000E-03,-1.0013E-03
-53.3000E-03,-549.0E-06
-53.2000E-03,+204.8E-06
-53.1000E-03,+2.2651E-03
-53.0000E-03,+556.5E-06
-52.9000E-03,+1.5616E-03
-52.8000E-03,-800.3E-06
-52.7000E-03,-549.0E-06
-52.6000E-03,+506.3E-06
-52.5000E-03,+1.2601E-03
-52.4000E-03,-699.7E-06
-52.3000E-03,+1.4611E-03
-52.2000E-03,+1.0088E-03
-52.1000E-03,+1.8631E-03
-52.0000E-03,-599.2E-06
-51.9000E-03,+1.9133E-03
-51.8000E-03,+2.1646E-03
-51.7000E-03,+1.6621E-03
-51.6000E-03,-750.0E-06
-51.5000E-03,+2.5163E-03
-51.4000E-03,+958.5E-06
-51.3000E-03,+1.0088E-03
-51.2000E-03,+1.3103E-03
-51.1000E-03,-1.3530E-03
-51.0000E-03,+456.0E-06
-50.9000E-03,-1.7048E-03
-50.8000E-03,+54.0E-06
-50.7000E-03,-750.0E-06
-50.6000E-03,-699.7E-06
-50.5000E-03,+1.1595E-03
-50.4000E-03,-1.1018E-03
-50.3000E-03,-1.1018E-03
-50.2000E-03,+506.3E-06
-50.1000E-03,-147.0E-06
-50.0000E-03,-247.5E-06
-49.9000E-03,-147.0E-06
-49.8000E-03,+204.8E-06
-49.7000E-03,-1.5540E-03
-49.6000E-03,-1.3028E-03
-49.5000E-03,+707.3E-06
-49.4000E-03,-599.2E-06
-49.3000E-03,+958.5E-06
-49.2000E-03,-1.3028E-03
-49.1000E-03,-951.0E-06
-49.0000E-03,-1.8555E-03
-48.9000E-03,-1.1018E-03
-48.8000E-03,+657.0E-06
-48.7000E-03,-3.1118E-03
-48.6000E-03,-297.7E-06
-48.5000E-03,-1.7048E-03
-48.4000E-03,-1.4535E-03
-48.3000E-03,-448.5E-06
-48.2000E-03,+556.5E-06
-48.1000E-03,-1.7550E-03
-48.0000E-03,-3.3128E-03
-47.9000E-03,-297.7E-06
-47.8000E-03,-4.0163E-03
-47.7000E-03,+1.4108E-03
-47.6000E-03,-1.3530E-03
-47.5000E-03,+1.1595E-03
-47.4000E-03,-498.7E-06
-47.3000E-03,-46.5E-06
-47.2000E-03,-2.9611E-03
-47.1000E-03,-599.2E-06
-47.0000E-03,+456.0E-06
-46.9000E-03,-3.5641E-03
-46.8000E-03,-2.4585E-03
-46.7000E-03,-2.7601E-03
-46.6000E-03,+1.7626E-03
-46.5000E-03,-951.0E-06
-46.4000E-03,+305.3E-06
-46.3000E-03,-2.4083E-03
-46.2000E-03,-2.1068E-03
-46.1000E-03,-247.5E-06
-46.0000E-03,-3.0616E-03
-45.9000E-03,+104.3E-06
-45.8000E-03,-96.7E-06
-45.7000E-03,+1.3606E-03
-45.6000E-03,-498.7E-06
-45.5000E-03,-1.0013E-03
-45.4000E-03,-1.2023E-03
-45.3000E-03,-2.0063E-03
-45.2000E-03,-1.4535E-03
-45.1000E-03,+255.0E-06
-45.0000E-03,-1.1018E-03
-44.9000E-03,-398.2E-06
-44.8000E-03,+707.3E-06
-44.7000E-03,+2.1646E-03
-44.6000E-03,-46.5E-06
-44.5000E-03,+1.6621E-03
-44.4000E-03,+3.0691E-03
-44.3000E-03,-1.3028E-03
-44.2000E-03,-549.0E-06
-44.1000E-03,+757.5E-06
-44.0000E-03,+104.3E-06
-43.9000E-03,+506.3E-06
-43.8000E-03,+1.8631E-03
-43.7000E-03,+2.7173E-03
-43.6000E-03,+2.8681E-03
-43.5000E-03,+2.2651E-03
-43.4000E-03,-800.3E-06
-43.3000E-03,+1.5113E-03
-43.2000E-03,-1.1520E-03
-43.1000E-03,+657.0E-06
-43.0000E-03,-1.4535E-03
-42.9000E-03,+405.8E-06
-42.8000E-03,+1.4611E-03
-42.7000E-03,-1.3028E-03
-42.6000E-03,-1.6043E-03
-42.5000E-03,-2.3580E-03
-42.4000E-03,-197.2E-06
-42.3000E-03,-599.2E-06
-42.2000E-03,+556.5E-06
-42.1000E-03,+3.8E-06
-42.0000E-03,-1.4033E-03
-41.9000E-03,+1.1595E-03
-41.8000E-03,-197.2E-06
-41.7000E-03,-1.2023E-03
-41.6000E-03,-1.8555E-03
-41.5000E-03,+154.5E-06
-41.4000E-03,-1.7550E-03
-41.3000E-03,+1.1595E-03
-41.2000E-03,-197.2E-06
-41.1000E-03,+1.4611E-03
-41.0000E-03,+1.8128E-03
-40.9000E-03,-1.9560E-03
-40.8000E-03,+305.3E-06
-40.7000E-03,-649.5E-06
-40.6000E-03,+506.3E-06
-40.5000E-03,+2.7676E-03
-40.4000E-03,-2.4585E-03
-40.3000E-03,-2.0565E-03
-40.2000E-03,-2.0565E-03
-40.1000E-03,-900.8E-06
-40.0000E-03,-750.0E-06
-39.9000E-03,+405.8E-06
-39.8000E-03,-649.5E-06
-39.7000E-03,-699.7E-06
-39.6000E-03,-3.0113E-03
-39.5000E-03,-549.0E-06
-39.4000E-03,-2.2575E-03
-39.3000E-03,-1.5540E-03
-39.2000E-03,-750.0E-06
-39.1000E-03,-498.7E-06
-39.0000E-03,+1.1093E-03
-38.9000E-03,-297.7E-06
-38.8000E-03,-1.9560E-03
-38.7000E-03,+305.3E-06
-38.6000E-03,-2.0063E-03
-38.5000E-03,-1.3028E-03
-38.4000E-03,-2.5590E-03
-38.3000E-03,-2.8103E-03
-38.2000E-03,+1.4611E-03
-38.1000E-03,-1.0013E-03
-38.0000E-03,-900.8E-06
-37.9000E-03,-2.6093E-03
-37.8000E-03,-2.7098E-03
-37.7000E-03,-549.0E-06
-37.6000E-03,-1.4033E-03
-37.5000E-03,+3.8E-06
-37.4000E-03,-649.5E-06
-37.3000E-03,-750.0E-06
-37.2000E-03,+104.3E-06
-37.1000E-03,-1.2023E-03
-37.0000E-03,+2.5666E-03
-36.9000E-03,-1.2023E-03
-36.8000E-03,+1.6118E-03
-36.7000E-03,+606.8E-06
-36.6000E-03,+556.5E-06
-36.5000E-03,+2.0641E-03
-36.4000E-03,-549.0E-06
-36.3000E-03,-699.7E-06
-36.2000E-03,-2.2073E-03
-36.1000E-03,-398.2E-06
-36.0000E-03,+606.8E-06
-35.9000E-03,+2.2651E-03
-35.8000E-03,-951.0E-06
-35.7000E-03,+2.6671E-03
-35.6000E-03,-46.5E-06
-35.5000E-03,+908.3E-06
-35.4000E-03,-1.5038E-03
-35.3000E-03,-96.7E-06
-35.2000E-03,+1.2601E-03
-35.1000E-03,-1.6545E-03
-35.0000E-03,+908.3E-06
-34.9000E-03,+506.3E-06
-34.8000E-03,-197.2E-06
-34.7000E-03,+1.5616E-03
-34.6000E-03,+1.6621E-03
-34.5000E-03,-850.5E-06
-34.4000E-03,-951.0E-06
-34.3000E-03,+305.3E-06
-34.2000E-03,+1.8128E-03
-34.1000E-03,+1.7626E-03
-34.0000E-03,+2.7676E-03
-33.9000E-03,-1.4033E-03
-33.8000E-03,+1.2098E-03
-33.7000E-03,+54.0E-06
-33.6000E-03,+405.8E-06
-33.5000E-03,+355.5E-06
-33.4000E-03,-1.6043E-03
-33.3000E-03,-1.5038E-03
-33.2000E-03,-2.7098E-03
-33.1000E-03,-1.6545E-03
-33.0000E-03,-2.1068E-03
-32.9000E-03,-1.4535E-03
-32.8000E-03,-1.3530E-03
-32.7000E-03,-850.5E-06
-32.6000E-03,+908.3E-06
-32.5000E-03,+3.0691E-03
-32.4000E-03,+757.5E-06
-32.3000E-03,+707.3E-06
-32.2000E-03,-147.0E-06
-32.1000E-03,-1.1018E-03
-32.0000E-03,-699.7E-06
-31.9000E-03,-1.1520E-03
-31.8000E-03,-297.7E-06
-31.7000E-03,-1.7550E-03
-31.6000E-03,-247.5E-06
-31.5000E-03,-2.1570E-03
-31.4000E-03,+657.0E-06
-31.3000E-03,-1.7048E-03
-31.2000E-03,-2.3078E-03
-31.1000E-03,+858.0E-06
-31.0000E-03,+154.5E-06
-30.9000E-03,+1.6621E-03
-30.8000E-03,-1.8053E-03
-30.7000E-03,-1.9560E-03
-30.6000E-03,-147.0E-06
-30.5000E-03,-1.2023E-03
-30.4000E-03,-900.8E-06
-30.3000E-03,-297.7E-06
-30.2000E-03,-2.1068E-03
-30.1000E-03,-549.0E-06
-30.0000E-03,-1.6043E-03
-29.9000E-03,-900.8E-06
-29.8000E-03,+1.1093E-03
-29.7000E-03,-1.8555E-03
-29.6000E-03,+1.2601E-03
-29.5000E-03,+807.8E-06
-29.4000E-03,-398.2E-06
-29.3000E-03,+1.8631E-03
-29.2000E-03,-599.2E-06
-29.1000E-03,+1.8631E-03
-29.0000E-03,-1.1018E-03
-28.9000E-03,+1.4108E-03
-28.8000E-03,+54.0E-06
-28.7000E-03,-197.2E-06
-28.6000E-03,+2.7676E-03
-28.5000E-03,+1.6118E-03
-28.4000E-03,-599.2E-06
-28.3000E-03,+3.3706E-03
-28.2000E-03,-147.0E-06
-28.1000E-03,-1.9058E-03
-28.0000E-03,-1.2525E-03
-27.9000E-03,+2.1143E-03
-27.8000E-03,+1.3103E-03
-27.7000E-03,+2.3153E-03
-27.6000E-03,-1.3028E-03
-27.5000E-03,+1.0590E-03
-27.4000E-03,+1.3606E-03
-27.3000E-03,-1.2023E-03
-27.2000E-03,+456.0E-06
-27.1000E-03,+1.2098E-03
-27.0000E-03,-1.3530E-03
-26.9000E-03,-699.7E-06
-26.8000E-03,-1.4535E-03
-26.7000E-03,+1.8128E-03
-26.6000E-03,+54.0E-06
-26.5000E-03,-1.7550E-03
-26.4000E-03,+2.2651E-03
-26.3000E-03,+54.0E-06
-26.2000E-03,-398.2E-06
-26.1000E-03,-549.0E-06
-26.0000E-03,-96.7E-06
-25.9000E-03,-2.4083E-03
-25.8000E-03,-699.7E-06
-25.7000E-03,+104.3E-06
-25.6000E-03,-599.2E-06
-25.5000E-03,+1.5616E-03
-25.4000E-03,-699.7E-06
-25.3000E-03,+204.8E-06
-25.2000E-03,-549.0E-06
-25.1000E-03,-4.2173E-03
-25.0000E-03,-1.6545E-03
-24.9000E-03,+3.3706E-03
-24.8000E-03,+2.3153E-03
-24.7000E-03,-247.5E-06
-24.6000E-03,-1.3530E-03
-24.5000E-03,+405.8E-06
-24.4000E-03,+305.3E-06
-24.3000E-03,+1.6118E-03
-24.2000E-03,-549.0E-06
-24.1000E-03,+104.3E-06
-24.0000E-03,+2.1143E-03
-23.9000E-03,-3.4133E-03
-23.8000E-03,+1.0590E-03
-23.7000E-03,+154.5E-06
-23.6000E-03,+2.4158E-03
-23.5000E-03,-1.0013E-03
-23.4000E-03,-1.6545E-03
-23.3000E-03,+204.8E-06
-23.2000E-03,-2.5590E-03
-23.1000E-03,-1.3028E-03
-23.0000E-03,-1.3028E-03
-22.9000E-03,-2.3078E-03
-22.8000E-03,+1.7626E-03
-22.7000E-03,-297.7E-06
-22.6000E-03,-900.8E-06
-22.5000E-03,-1.8555E-03
-22.4000E-03,+2.9183E-03
-22.3000E-03,-2.2575E-03
-22.2000E-03,-1.4535E-03
-22.1000E-03,+1.2098E-03
-22.0000E-03,+54.0E-06
-21.9000E-03,+355.5E-06
-21.8000E-03,-800.3E-06
-21.7000E-03,-1.7550E-03
-21.6000E-03,-2.5088E-03
-21.5000E-03,+305.3E-06
-21.4000E-03,-2.1068E-03
-21.3000E-03,-750.0E-06
-21.2000E-03,+556.5E-06
-21.1000E-03,-549.0E-06
-21.0000E-03,+1.1595E-03
-20.9000E-03,+1.8128E-03
-20.8000E-03,-1.5540E-03
-20.7000E-03,+1.6118E-03
-20.6000E-03,+204.8E-06
-20.5000E-03,-1.2023E-03
-20.4000E-03,-1.8053E-03
-20.3000E-03,-1.3028E-03
-20.2000E-03,-800.3E-06
-20.1000E-03,-197.2E-06
-20.0000E-03,+204.8E-06
-19.9000E-03,+1.2098E-03
-19.8000E-03,-1.4033E-03
-19.7000E-03,+2.6671E-03
-19.6000E-03,+2.1143E-03
-19.5000E-03,+958.5E-06
-19.4000E-03,-348.0E-06
-19.3000E-03,-1.1520E-03
-19.2000E-03,-46.5E-06
-19.1000E-03,+1.4108E-03
-19.0000E-03,+456.0E-06
-18.9000E-03,-1.2525E-03
-18.8000E-03,+2.2651E-03
-18.7000E-03,-297.7E-06
-18.6000E-03,-699.7E-06
-18.5000E-03,+807.8E-06
-18.4000E-03,+958.5E-06
-18.3000E-03,-348.0E-06
-18.2000E-03,-1.2525E-03
-18.1000E-03,-348.0E-06
-18.0000E-03,-1.6043E-03
-17.9000E-03,+2.8681E-03
-17.8000E-03,-599.2E-06
-17.7000E-03,+1.5113E-03
-17.6000E-03,+1.3606E-03
-17.5000E-03,-1.3530E-03
-17.4000E-03,+807.8E-06
-17.3000E-03,+707.3E-06
-17.2000E-03,+1.5113E-03
-17.1000E-03,-247.5E-06
-17.0000E-03,+1.1595E-03
-16.9000E-03,-1.9058E-03
-16.8000E-03,+3.4711E-03
-16.7000E-03,+405.8E-06
-16.6000E-03,-900.8E-06
-16.5000E-03,+204.8E-06
-16.4000E-03,+3.8E-06
-16.3000E-03,-2.2073E-03
-16.2000E-03,-900.8E-06
-16.1000E-03,+1.0088E-03
-16.0000E-03,-750.0E-06
-15.9000E-03,-1.5540E-03
-15.8000E-03,-2.3580E-03
-15.7000E-03,-1.9058E-03
-15.6000E-03,+1.1595E-03
-15.5000E-03,-699.7E-06
-15.4000E-03,+2.3656E-03
-15.3000E-03,+1.8631E-03
-15.2000E-03,+355.5E-06
-15.1000E-03,-398.2E-06
-15.0000E-03,+355.5E-06
-14.9000E-03,-1.5540E-03
-14.8000E-03,+54.0E-06
-14.7000E-03,+506.3E-06
-14.6000E-03,+858.0E-06
-14.5000E-03,-96.7E-06
-14.4000E-03,-3.3631E-03
-14.3000E-03,+1.6621E-03
-14.2000E-03,-2.5088E-03
-14.1000E-03,+908.3E-06
-14.0000E-03,-1.3530E-03
-13.9000E-03,+1.2098E-03
-13.8000E-03,-1.4535E-03
-13.7000E-03,+255.0E-06
-13.6000E-03,-3.1621E-03
-13.5000E-03,-2.1068E-03
-13.4000E-03,-900.8E-06
-13.3000E-03,+657.0E-06
-13.2000E-03,+255.0E-06
-13.1000E-03,+3.8E-06
-13.0000E-03,+154.5E-06
-12.9000E-03,-1.7550E-03
-12.8000E-03,-1.0013E-03
-12.7000E-03,-46.5E-06
-12.6000E-03,+657.0E-06
-12.5000E-03,-1.1520E-03
-12.4000E-03,-2.9611E-03
-12.3000E-03,-1.9560E-03
-12.2000E-03,-1.4033E-03
-12.1000E-03,+2.7173E-03
-12.0000E-03,+1.1595E-03
-11.9000E-03,+3.7726E-03
-11.8000E-03,-297.7E-06
-11.7000E-03,-348.0E-06
-11.6000E-03,+807.8E-06
-11.5000E-03,-1.3530E-03
-11.4000E-03,-247.5E-06
-11.3000E-03,-1.0013E-03
-11.2000E-03,-498.7E-06
-11.1000E-03,+204.8E-06
-11.0000E-03,+456.0E-06
-10.9000E-03,-1.0013E-03
-10.8000E-03,+1.0590E-03
-10.7000E-03,+2.1646E-03
-10.6000E-03,+506.3E-06
-10.5000E-03,+707.3E-06
-10.4000E-03,-2.2073E-03
-10.3000E-03,-1.0013E-03
-10.2000E-03,+606.8E-06
-10.1000E-03,-800.3E-06
-10.0000E-03,-549.0E-06
-9.9000E-03,-1.9560E-03
-9.8000E-03,-2.0565E-03
-9.7000E-03,-1.0013E-03
-9.6000E-03,-1.6545E-03
-9.5000E-03,+807.8E-06
-9.4000E-03,+104.3E-06
-9.3000E-03,+858.0E-06
-9.2000E-03,-1.9560E-03
-9.1000E-03,+3.8E-06
-9.0000E-03,-297.7E-06
-8.9000E-03,+405.8E-06
-8.8000E-03,+1.4108E-03
-8.7000E-03,+2.3656E-03
-8.6000E-03,-699.7E-06
-8.5000E-03,+556.5E-06
-8.4000E-03,-599.2E-06
-8.3000E-03,+1.5113E-03
-8.2000E-03,-96.7E-06
-8.1000E-03,+305.3E-06
-8.0000E-03,+1.5113E-03
-7.9000E-03,-900.8E-06
-7.8000E-03,+2.2148E-03
-7.7000E-03,+2.4158E-03
-7.6000E-03,-2.0565E-03
-7.5000E-03,+556.5E-06
-7.4000E-03,+1.4108E-03
-7.3000E-03,-2.6093E-03
-7.2000E-03,+1.4611E-03
-7.1000E-03,-498.7E-06
-7.0000E-03,-599.2E-06
-6.9000E-03,+707.3E-06
-6.8000E-03,+606.8E-06
-6.7000E-03,-297.7E-06
-6.6000E-03,-900.8E-06
-6.5000E-03,-3.0616E-03
-6.4000E-03,+255.0E-06
-6.3000E-03,-1.6545E-03
-6.2000E-03,+104.3E-06
-6.1000E-03,-2.6595E-03
-6.0000E-03,-2.9611E-03
-5.9000E-03,-1.8053E-03
-5.8000E-03,-46.5E-06
-5.7000E-03,-1.1520E-03
-5.6000E-03,-247.5E-06
-5.5000E-03,-398.2E-06
-5.4000E-03,+2.5666E-03
-5.3000E-03,+1.0088E-03
-5.2000E-03,-1.2525E-03
-5.1000E-03,-1.3530E-03
-5.0000E-03,-649.5E-06
-4.9000E-03,-46.5E-06
-4.8000E-03,-1.3028E-03
-4.7000E-03,-197.2E-06
-4.6000E-03,-2.3078E-03
-4.5000E-03,-348.0E-06
-4.4000E-03,+1.1093E-03
-4.3000E-03,+1.2098E-03
-4.2000E-03,-2.7601E-03
-4.1000E-03,-850.5E-06
-4.0000E-03,-448.5E-06
-3.9000E-03,+1.0590E-03
-3.8000E-03,+1.3606E-03
-3.7000E-03,-2.0565E-03
-3.6000E-03,-297.7E-06
-3.5000E-03,+3.0188E-03
-3.4000E-03,-1.2525E-03
-3.3000E-03,-1.2525E-03
-3.2000E-03,+606.8E-06
-3.1000E-03,+958.5E-06
-3.0000E-03,-1.1520E-03
-2.9000E-03,+305.3E-06
-2.8000E-03,+657.0E-06
-2.7000E-03,+1.4108E-03
-2.6000E-03,-1.1520E-03
-2.5000E-03,-649.5E-06
-2.4000E-03,-46.5E-06
-2.3000E-03,+1.1093E-03
-2.2000E-03,+154.5E-06
-2.1000E-03,+1.7626E-03
-2.0000E-03,+1.9636E-03
-1.9000E-03,+908.3E-06
-1.8000E-03,-247.5E-06
-1.7000E-03,-1.6043E-03
-1.6000E-03,+556.5E-06
-1.5000E-03,-197.2E-06
-1.4000E-03,+506.3E-06
-1.3000E-03,+807.8E-06
-1.2000E-03,+2.3153E-03
-1.1000E-03,+807.8E-06
-1.0000E-03,-448.5E-06
-900.0E-06,-448.5E-06
-800.0E-06,+757.5E-06
-700.0E-06,+255.0E-06
-600.0E-06,-599.2E-06
-500.0E-06,+204.8E-06
-400.0E-06,-348.0E-06
-300.0E-06,+2.2651E-03
-200.0E-06,-549.0E-06
-100.0E-06,-1.5038E-03
+0.0E+00,+958.5E-06
+100.0E-06,-398.2E-06
+200.0E-06,-1.4033E-03
+300.0E-06,-398.2E-06
+400.0E-06,+204.8E-06
+500.0E-06,-1.4033E-03
+600.0E-06,-1.4535E-03
+700.0E-06,-46.5E-06
+800.0E-06,-649.5E-06
+900.0E-06,-850.5E-06
+1.0000E-03,-1.6545E-03
+1.1000E-03,+858.0E-06
+1.2000E-03,+1.2601E-03
+1.3000E-03,-2.4585E-03
+1.4000E-03,-1.3530E-03
+1.5000E-03,-1.5540E-03
+1.6000E-03,-197.2E-06
+1.7000E-03,-1.1520E-03
+1.8000E-03,-1.8555E-03
+1.9000E-03,-197.2E-06
+2.0000E-03,-46.5E-06
+2.1000E-03,-850.5E-06
+2.2000E-03,-2.6595E-03
+2.3000E-03,-1.2023E-03
+2.4000E-03,-1.7048E-03
+2.5000E-03,-1.8555E-03
+2.6000E-03,-1.3530E-03
+2.7000E-03,-1.3530E-03
+2.8000E-03,+908.3E-06
+2.9000E-03,-1.1018E-03
+3.0000E-03,-2.8103E-03
+3.1000E-03,-1.4535E-03
+3.2000E-03,+757.5E-06
+3.3000E-03,-197.2E-06
+3.4000E-03,-3.0113E-03
+3.5000E-03,-1.5540E-03
+3.6000E-03,-2.7098E-03
+3.7000E-03,-3.3128E-03
+3.8000E-03,+858.0E-06
+3.9000E-03,-247.5E-06
+4.0000E-03,+1.1595E-03
+4.1000E-03,+1.4108E-03
+4.2000E-03,-1.4033E-03
+4.3000E-03,-1.5038E-03
+4.4000E-03,-147.0E-06
+4.5000E-03,-3.0616E-03
+4.6000E-03,+2.2651E-03
+4.7000E-03,-498.7E-06
+4.8000E-03,-398.2E-06
+4.9000E-03,-599.2E-06
+5.0000E-03,-1.2023E-03
+5.1000E-03,+305.3E-06
+5.2000E-03,-800.3E-06
+5.3000E-03,+104.3E-06
+5.4000E-03,+2.2148E-03
+5.5000E-03,+506.3E-06
+5.6000E-03,-1.3530E-03
+5.7000E-03,+2.8178E-03
+5.8000E-03,+2.1646E-03
+5.9000E-03,-147.0E-06
+6.0000E-03,-1.0013E-03
+6.1000E-03,-1.6043E-03
+6.2000E-03,-1.5038E-03
+6.3000E-03,-1.6043E-03
+6.4000E-03,+305.3E-06
+6.5000E-03,+556.5E-06
+6.6000E-03,-197.2E-06
+6.7000E-03,-1.4033E-03
+6.8000E-03,+2.2651E-03
+6.9000E-03,-1.8555E-03
+7.0000E-03,+54.0E-06
+7.1000E-03,-247.5E-06
+7.2000E-03,-448.5E-06
+7.3000E-03,-348.0E-06
+7.4000E-03,+2.4158E-03
+7.5000E-03,+3.8E-06
+7.6000E-03,+2.1646E-03
+7.7000E-03,-1.3530E-03
+7.8000E-03,-1.1520E-03
+7.9000E-03,+757.5E-06
+8.0000E-03,-1.0013E-03
+8.1000E-03,+355.5E-06
+8.2000E-03,-1.1520E-03
+8.3000E-03,-3.1621E-03
+8.4000E-03,+657.0E-06
+8.5000E-03,-1.4535E-03
+8.6000E-03,+1.4611E-03
+8.7000E-03,-549.0E-06
+8.8000E-03,+858.0E-06
+8.9000E-03,+305.3E-06
+9.0000E-03,+807.8E-06
+9.1000E-03,-1.8053E-03
+9.2000E-03,-2.2575E-03
+9.3000E-03,-2.0565E-03
+9.4000E-03,+1.7123E-03
+9.5000E-03,-1.4033E-03
+9.6000E-03,-2.0565E-03
+9.7000E-03,-96.7E-06
+9.8000E-03,-1.1018E-03
+9.9000E-03,+858.0E-06
+10.0000E-03,-699.7E-06
+10.1000E-03,-448.5E-06
+10.2000E-03,+1.4611E-03
+10.3000E-03,+1.2098E-03
+10.4000E-03,+1.0088E-03
+10.5000E-03,-1.0013E-03
+10.6000E-03,-2.3580E-03
+10.7000E-03,-2.5088E-03
+10.8000E-03,-800.3E-06
+10.9000E-03,-3.0113E-03
+11.0000E-03,+104.3E-06
+11.1000E-03,-2.4585E-03
+11.2000E-03,+54.0E-06
+11.3000E-03,-2.6093E-03
+11.4000E-03,-1.1520E-03
+11.5000E-03,-1.3530E-03
+11.6000E-03,-3.8153E-03
+11.7000E-03,-2.2575E-03
+11.8000E-03,+556.5E-06
+11.9000E-03,+355.5E-06
+12.0000E-03,+456.0E-06
+12.1000E-03,-2.3078E-03
+12.2000E-03,-2.7601E-03
+12.3000E-03,-96.7E-06
+12.4000E-03,+255.0E-06
+12.5000E-03,+204.8E-06
+12.6000E-03,+1.0590E-03
+12.7000E-03,-1.6545E-03
+12.8000E-03,-1.4535E-03
+12.9000E-03,-1.5540E-03
+13.0000E-03,-699.7E-06
+13.1000E-03,+2.5163E-03
+13.2000E-03,-448.5E-06
+13.3000E-03,+355.5E-06
+13.4000E-03,-1.4535E-03
+13.5000E-03,-2.7601E-03
+13.6000E-03,+54.0E-06
+13.7000E-03,+556.5E-06
+13.8000E-03,+1.7626E-03
+13.9000E-03,-247.5E-06
+14.0000E-03,+3.5716E-03
+14.1000E-03,-599.2E-06
+14.2000E-03,+858.0E-06
+14.3000E-03,-197.2E-06
+14.4000E-03,+154.5E-06
+14.5000E-03,+1.3606E-03
+14.6000E-03,+3.5214E-03
+14.7000E-03,-398.2E-06
+14.8000E-03,-247.5E-06
+14.9000E-03,+807.8E-06
+15.0000E-03,+1.8128E-03
+15.1000E-03,+1.0590E-03
+15.2000E-03,+2.0641E-03
+15.3000E-03,-599.2E-06
+15.4000E-03,+606.8E-06
+15.5000E-03,-247.5E-06
+15.6000E-03,+2.4158E-03
+15.7000E-03,+1.7123E-03
+15.8000E-03,+355.5E-06
+15.9000E-03,+1.4611E-03
+16.0000E-03,+2.1143E-03
+16.1000E-03,+556.5E-06
+16.2000E-03,-498.7E-06
+16.3000E-03,-750.0E-06
+16.4000E-03,+606.8E-06
+16.5000E-03,+2.0138E-03
+16.6000E-03,+1.2098E-03
+16.7000E-03,-900.8E-06
+16.8000E-03,-900.8E-06
+16.9000E-03,-1.1018E-03
+17.0000E-03,+2.6168E-03
+17.1000E-03,-900.8E-06
+17.2000E-03,-1.6043E-03
+17.3000E-03,+858.0E-06
+17.4000E-03,-96.7E-06
+17.5000E-03,-1.0013E-03
+17.6000E-03,+2.6168E-03
+17.7000E-03,-1.2525E-03
+17.8000E-03,-1.1520E-03
+17.9000E-03,-2.5088E-03
+18.0000E-03,+54.0E-06
+18.1000E-03,-699.7E-06
+18.2000E-03,+1.6118E-03
+18.3000E-03,+2.1646E-03
+18.4000E-03,-398.2E-06
+18.5000E-03,+154.5E-06
+18.6000E-03,+355.5E-06
+18.7000E-03,-1.3028E-03
+18.8000E-03,-1.6043E-03
+18.9000E-03,+104.3E-06
+19.0000E-03,+1.4108E-03
+19.1000E-03,-498.7E-06
+19.2000E-03,-2.5088E-03
+19.3000E-03,+908.3E-06
+19.4000E-03,-498.7E-06
+19.5000E-03,-1.5540E-03
+19.6000E-03,-2.2575E-03
+19.7000E-03,-2.1570E-03
+19.8000E-03,-498.7E-06
+19.9000E-03,+54.0E-06
+20.0000E-03,-2.2575E-03
+20.1000E-03,-3.0616E-03
+20.2000E-03,-2.2575E-03
+20.3000E-03,+506.3E-06
+20.4000E-03,-3.9158E-03
+20.5000E-03,-3.8656E-03
+20.6000E-03,+456.0E-06
+20.7000E-03,+1.3103E-03
+20.8000E-03,+54.0E-06
+20.9000E-03,-800.3E-06
+21.0000E-03,-599.2E-06
+21.1000E-03,+1.0590E-03
+21.2000E-03,+657.0E-06
+21.3000E-03,-2.1068E-03
+21.4000E-03,+2.3153E-03
+21.5000E-03,+2.9183E-03
+21.6000E-03,+506.3E-06
+21.7000E-03,+1.2098E-03
+21.8000E-03,+3.8E-06
+21.9000E-03,-2.1570E-03
+22.0000E-03,+3.4209E-03
+22.1000E-03,+606.8E-06
+22.2000E-03,+1.4108E-03
+22.3000E-03,+858.0E-06
+22.4000E-03,+1.6118E-03
+22.5000E-03,+204.8E-06
+22.6000E-03,+1.9636E-03
+22.7000E-03,+405.8E-06
+22.8000E-03,-1.3530E-03
+22.9000E-03,+2.3153E-03
+23.0000E-03,-297.7E-06
+23.1000E-03,+2.5666E-03
+23.2000E-03,+1.2098E-03
+23.3000E-03,+355.5E-06
+23.4000E-03,+2.2651E-03
+23.5000E-03,+456.0E-06
+23.6000E-03,+657.0E-06
+23.7000E-03,+908.3E-06
+23.8000E-03,+305.3E-06
+23.9000E-03,+757.5E-06
+24.0000E-03,+858.0E-06
+24.1000E-03,-96.7E-06
+24.2000E-03,+54.0E-06
+24.3000E-03,-1.2023E-03
+24.4000E-03,-1.3028E-03
+24.5000E-03,-649.5E-06
+24.6000E-03,-800.3E-06
+24.7000E-03,-247.5E-06
+24.8000E-03,-2.0063E-03
+24.9000E-03,-2.0565E-03
+25.0000E-03,-1.2525E-03
+25.1000E-03,+1.6118E-03
+25.2000E-03,-197.2E-06
+25.3000E-03,+305.3E-06
+25.4000E-03,-699.7E-06
+25.5000E-03,+154.5E-06
+25.6000E-03,-1.2023E-03
+25.7000E-03,-498.7E-06
+25.8000E-03,+908.3E-06
+25.9000E-03,+1.9636E-03
+26.0000E-03,-1.0013E-03
+26.1000E-03,-599.2E-06
+26.2000E-03,+757.5E-06
+26.3000E-03,+1.0590E-03
+26.4000E-03,-750.0E-06
+26.5000E-03,-1.5038E-03
+26.6000E-03,-1.0013E-03
+26.7000E-03,-1.7048E-03
+26.8000E-03,+858.0E-06
+26.9000E-03,-2.3580E-03
+27.0000E-03,-2.0565E-03
+27.1000E-03,-1.2525E-03
+27.2000E-03,-147.0E-06
+27.3000E-03,-247.5E-06
+27.4000E-03,-1.7550E-03
+27.5000E-03,-147.0E-06
+27.6000E-03,-1.3530E-03
+27.7000E-03,+255.0E-06
+27.8000E-03,-1.9560E-03
+27.9000E-03,-247.5E-06
+28.0000E-03,+1.1595E-03
+28.1000E-03,-2.3078E-03
+28.2000E-03,-1.2525E-03
+28.3000E-03,+355.5E-06
+28.4000E-03,-1.8555E-03
+28.5000E-03,+154.5E-06
+28.6000E-03,-1.8053E-03
+28.7000E-03,-1.4535E-03
+28.8000E-03,+1.5113E-03
+28.9000E-03,-1.6545E-03
+29.0000E-03,+1.1093E-03
+29.1000E-03,-1.6545E-03
+29.2000E-03,+3.8E-06
+29.3000E-03,+1.3103E-03
+29.4000E-03,-247.5E-06
+29.5000E-03,+958.5E-06
+29.6000E-03,-1.7550E-03
+29.7000E-03,+2.0641E-03
+29.8000E-03,-1.3530E-03
+29.9000E-03,+556.5E-06
+30.0000E-03,-951.0E-06
+30.1000E-03,+657.0E-06
+30.2000E-03,+1.5616E-03
+30.3000E-03,+1.2601E-03
+30.4000E-03,+2.4661E-03
+30.5000E-03,+858.0E-06
+30.6000E-03,+1.0088E-03
+30.7000E-03,+1.0088E-03
+30.8000E-03,-800.3E-06
+30.9000E-03,-1.4033E-03
+31.0000E-03,+1.5616E-03
+31.1000E-03,+1.6621E-03
+31.2000E-03,-498.7E-06
+31.3000E-03,+1.4108E-03
+31.4000E-03,-46.5E-06
+31.5000E-03,+2.1646E-03
+31.6000E-03,-1.6545E-03
+31.7000E-03,-2.8606E-03
+31.8000E-03,-1.8555E-03
+31.9000E-03,-900.8E-06
+32.0000E-03,+506.3E-06
+32.1000E-03,+1.4611E-03
+32.2000E-03,+707.3E-06
+32.3000E-03,-1.5038E-03
+32.4000E-03,+1.3103E-03
+32.5000E-03,-1.1520E-03
+32.6000E-03,+54.0E-06
+32.7000E-03,-197.2E-06
+32.8000E-03,+757.5E-06
+32.9000E-03,-147.0E-06
+33.0000E-03,+405.8E-06
+33.1000E-03,+757.5E-06
+33.2000E-03,-699.7E-06
+33.3000E-03,+2.7676E-03
+33.4000E-03,-2.4083E-03
+33.5000E-03,+908.3E-06
+33.6000E-03,-1.2023E-03
+33.7000E-03,-2.2073E-03
+33.8000E-03,+958.5E-06
+33.9000E-03,+556.5E-06
+34.0000E-03,+506.3E-06
+34.1000E-03,-1.1520E-03
+34.2000E-03,-649.5E-06
+34.3000E-03,+958.5E-06
+34.4000E-03,-2.2575E-03
+34.5000E-03,-2.2575E-03
+34.6000E-03,+255.0E-06
+34.7000E-03,-398.2E-06
+34.8000E-03,+54.0E-06
+34.9000E-03,+2.3153E-03
+35.0000E-03,+54.0E-06
+35.1000E-03,+606.8E-06
+35.2000E-03,+657.0E-06
+35.3000E-03,-951.0E-06
+35.4000E-03,-1.8053E-03
+35.5000E-03,-1.7550E-03
+35.6000E-03,-549.0E-06
+35.7000E-03,-247.5E-06
+35.8000E-03,-448.5E-06
+35.9000E-03,-1.6545E-03
+36.0000E-03,+1.0088E-03
+36.1000E-03,-2.0565E-03
+36.2000E-03,-1.5540E-03
+36.3000E-03,-1.0013E-03
+36.4000E-03,-1.1520E-03
+36.5000E-03,-297.7E-06
+36.6000E-03,-147.0E-06
+36.7000E-03,-147.0E-06
+36.8000E-03,-900.8E-06
+36.9000E-03,+1.1595E-03
+37.0000E-03,-1.9560E-03
+37.1000E-03,-2.9108E-03
+37.2000E-03,+3.8E-06
+37.3000E-03,-1.9058E-03
+37.4000E-03,+405.8E-06
+37.5000E-03,+757.5E-06
+37.6000E-03,+355.5E-06
+37.7000E-03,+958.5E-06
+37.8000E-03,+456.0E-06
+37.9000E-03,+1.9133E-03
+38.0000E-03,+2.0138E-03
+38.1000E-03,-649.5E-06
+38.2000E-03,+1.9636E-03
+38.3000E-03,-2.8103E-03
+38.4000E-03,+1.2098E-03
+38.5000E-03,+3.6721E-03
+38.6000E-03,-498.7E-06
+38.7000E-03,-649.5E-06
+38.8000E-03,-1.3028E-03
+38.9000E-03,-1.2525E-03
+39.0000E-03,+456.0E-06
+39.1000E-03,-147.0E-06
+39.2000E-03,+2.0641E-03
+39.3000E-03,+1.9636E-03
+39.4000E-03,-197.2E-06
+39.5000E-03,-1.1520E-03
+39.6000E-03,+858.0E-06
+39.7000E-03,-699.7E-06
+39.8000E-03,-1.2023E-03
+39.9000E-03,-1.9058E-03
+40.0000E-03,-3.0616E-03
+40.1000E-03,+807.8E-06
+40.2000E-03,+606.8E-06
+40.3000E-03,+1.1595E-03
+40.4000E-03,+2.6168E-03
+40.5000E-03,-1.5540E-03
+40.6000E-03,-2.0063E-03
+40.7000E-03,-1.4033E-03
+40.8000E-03,+1.1093E-03
+40.9000E-03,+355.5E-06
+41.0000E-03,-1.1520E-03
+41.1000E-03,+2.6671E-03
+41.2000E-03,-96.7E-06
+41.3000E-03,-2.1570E-03
+41.4000E-03,-2.0063E-03
+41.5000E-03,-297.7E-06
+41.6000E-03,-750.0E-06
+41.7000E-03,-800.3E-06
+41.8000E-03,+1.4611E-03
+41.9000E-03,-448.5E-06
+42.0000E-03,+958.5E-06
+42.1000E-03,+1.3103E-03
+42.2000E-03,+305.3E-06
+42.3000E-03,+1.1093E-03
+42.4000E-03,-1.4535E-03
+42.5000E-03,-498.7E-06
+42.6000E-03,-1.0013E-03
+42.7000E-03,+657.0E-06
+42.8000E-03,-599.2E-06
+42.9000E-03,-800.3E-06
+43.0000E-03,+2.9183E-03
+43.1000E-03,-1.7550E-03
+43.2000E-03,-2.8103E-03
+43.3000E-03,+1.2098E-03
+43.4000E-03,-197.2E-06
+43.5000E-03,-1.4033E-03
+43.6000E-03,-1.7048E-03
+43.7000E-03,+305.3E-06
+43.8000E-03,-96.7E-06
+43.9000E-03,-2.9108E-03
+44.0000E-03,-1.6545E-03
+44.1000E-03,+104.3E-06
+44.2000E-03,-46.5E-06
+44.3000E-03,+556.5E-06
+44.4000E-03,-46.5E-06
+44.5000E-03,-2.5590E-03
+44.6000E-03,-46.5E-06
+44.7000E-03,-3.1621E-03
+44.8000E-03,-1.7048E-03
+44.9000E-03,+305.3E-06
+45.0000E-03,+154.5E-06
+45.1000E-03,-2.1068E-03
+45.2000E-03,+1.2098E-03
+45.3000E-03,+154.5E-06
+45.4000E-03,+355.5E-06
+45.5000E-03,+2.5666E-03
+45.6000E-03,-1.5038E-03
+45.7000E-03,-1.6043E-03
+45.8000E-03,-96.7E-06
+45.9000E-03,+1.0590E-03
+46.0000E-03,-2.1570E-03
+46.1000E-03,-2.4585E-03
+46.2000E-03,-1.2023E-03
+46.3000E-03,+1.5616E-03
+46.4000E-03,-297.7E-06
+46.5000E-03,-1.0515E-03
+46.6000E-03,+1.4611E-03
+46.7000E-03,+355.5E-06
+46.8000E-03,+355.5E-06
+46.9000E-03,+707.3E-06
+47.0000E-03,-599.2E-06
+47.1000E-03,+54.0E-06
+47.2000E-03,-599.2E-06
+47.3000E-03,-1.1520E-03
+47.4000E-03,+154.5E-06
+47.5000E-03,-197.2E-06
+47.6000E-03,-1.1018E-03
+47.7000E-03,+807.8E-06
+47.8000E-03,-297.7E-06
+47.9000E-03,+757.5E-06
+48.0000E-03,-1.0013E-03
+48.1000E-03,-1.0013E-03
+48.2000E-03,-599.2E-06
+48.3000E-03,-1.7048E-03
+48.4000E-03,+908.3E-06
+48.5000E-03,-297.7E-06
+48.6000E-03,-800.3E-06
+48.7000E-03,+1.6118E-03
+48.8000E-03,-549.0E-06
+48.9000E-03,+506.3E-06
+49.0000E-03,+1.3103E-03
+49.1000E-03,+355.5E-06
+49.2000E-03,-1.4033E-03
+49.3000E-03,+506.3E-06
+49.4000E-03,+405.8E-06
+49.5000E-03,+556.5E-06
+49.6000E-03,-951.0E-06
+49.7000E-03,+1.5113E-03
+49.8000E-03,-1.6545E-03
+49.9000E-03,+3.0691E-03
+50.0000E-03,-147.0E-06
+50.1000E-03,-1.4033E-03
+50.2000E-03,+958.5E-06
+50.3000E-03,-46.5E-06
+50.4000E-03,-448.5E-06
+50.5000E-03,+54.0E-06
+50.6000E-03,-46.5E-06
+50.7000E-03,-46.5E-06
+50.8000E-03,-1.3028E-03
+50.9000E-03,-96.7E-06
+51.0000E-03,+606.8E-06
+51.1000E-03,-599.2E-06
+51.2000E-03,-96.7E-06
+51.3000E-03,-850.5E-06
+51.4000E-03,-1.8053E-03
+51.5000E-03,+1.0088E-03
+51.6000E-03,+255.0E-06
+51.7000E-03,-1.3530E-03
+51.8000E-03,+405.8E-06
+51.9000E-03,+1.1595E-03
+52.0000E-03,+657.0E-06
+52.1000E-03,-46.5E-06
+52.2000E-03,-1.2023E-03
+52.3000E-03,+1.5113E-03
+52.4000E-03,-1.3530E-03
+52.5000E-03,-448.5E-06
+52.6000E-03,-1.6043E-03
+52.7000E-03,-2.9108E-03
+52.8000E-03,-2.1068E-03
+52.9000E-03,-348.0E-06
+53.0000E-03,-2.0063E-03
+53.1000E-03,-1.0515E-03
+53.2000E-03,+54.0E-06
+53.3000E-03,+1.1595E-03
+53.4000E-03,-96.7E-06
+53.5000E-03,-1.0013E-03
+53.6000E-03,+757.5E-06
+53.7000E-03,+807.8E-06
+53.8000E-03,+2.5163E-03
+53.9000E-03,-1.6545E-03
+54.0000E-03,-3.3631E-03
+54.1000E-03,-1.0013E-03
+54.2000E-03,-2.0565E-03
+54.3000E-03,-197.2E-06
+54.4000E-03,-2.6093E-03
+54.5000E-03,+2.1646E-03
+54.6000E-03,+1.6118E-03
+54.7000E-03,-1.7550E-03
+54.8000E-03,-1.1520E-03
+54.9000E-03,+204.8E-06
+55.0000E-03,+2.3656E-03
+55.1000E-03,-800.3E-06
+55.2000E-03,-247.5E-06
+55.3000E-03,-2.2575E-03
+55.4000E-03,-850.5E-06
+55.5000E-03,+807.8E-06
+55.6000E-03,-1.5038E-03
+55.7000E-03,+1.3606E-03
+55.8000E-03,-1.1520E-03
+55.9000E-03,-46.5E-06
+56.0000E-03,-1.6043E-03
+56.1000E-03,+958.5E-06
+56.2000E-03,+1.6118E-03
+56.3000E-03,-549.0E-06
+56.4000E-03,-649.5E-06
+56.5000E-03,-599.2E-06
+56.6000E-03,-1.4535E-03
+56.7000E-03,-1.2023E-03
+56.8000E-03,-46.5E-06
+56.9000E-03,+1.6118E-03
+57.0000E-03,+1.0088E-03
+57.1000E-03,-2.2575E-03
+57.2000E-03,+606.8E-06
+57.3000E-03,-2.5088E-03
+57.4000E-03,+255.0E-06
+57.5000E-03,+1.6118E-03
+57.6000E-03,+1.4611E-03
+57.7000E-03,+1.6621E-03
+57.8000E-03,+958.5E-06
+57.9000E-03,-1.5038E-03
+58.0000E-03,+2.9183E-03
+58.1000E-03,-1.0515E-03
+58.2000E-03,+757.5E-06
+58.3000E-03,+3.8E-06
+58.4000E-03,+1.6118E-03
+58.5000E-03,-1.7550E-03
+58.6000E-03,+1.0088E-03
+58.7000E-03,-1.1520E-03
+58.8000E-03,-147.0E-06
+58.9000E-03,-398.2E-06
+59.0000E-03,+355.5E-06
+59.1000E-03,-1.1018E-03
+59.2000E-03,+506.3E-06
+59.3000E-03,+958.5E-06
+59.4000E-03,-1.9560E-03
+59.5000E-03,+355.5E-06
+59.6000E-03,-750.0E-06
+59.7000E-03,-1.7048E-03
+59.8000E-03,-197.2E-06
+59.9000E-03,-1.2525E-03
+60.0000E-03,-1.1520E-03
+60.1000E-03,+908.3E-06
+60.2000E-03,-750.0E-06
+60.3000E-03,-3.3128E-03
+60.4000E-03,+355.5E-06
+60.5000E-03,-3.4133E-03
+60.6000E-03,-197.2E-06
+60.7000E-03,-2.4083E-03
+60.8000E-03,-2.5590E-03
+60.9000E-03,-147.0E-06
+61.0000E-03,+255.0E-06
+61.1000E-03,-951.0E-06
+61.2000E-03,-1.5540E-03
+61.3000E-03,-1.3530E-03
+61.4000E-03,-2.0565E-03
+61.5000E-03,+355.5E-06
+61.6000E-03,-1.0515E-03
+61.7000E-03,-2.4585E-03
+61.8000E-03,-2.1570E-03
+61.9000E-03,+104.3E-06
+62.0000E-03,+506.3E-06
+62.1000E-03,+556.5E-06
+62.2000E-03,+104.3E-06
+62.3000E-03,+1.3103E-03
+62.4000E-03,-498.7E-06
+62.5000E-03,+707.3E-06
+62.6000E-03,+204.8E-06
+62.7000E-03,-1.8555E-03
+62.8000E-03,-900.8E-06
+62.9000E-03,-2.6595E-03
+63.0000E-03,-1.3028E-03
+63.1000E-03,-1.2525E-03
+63.2000E-03,-247.5E-06
+63.3000E-03,+556.5E-06
+63.4000E-03,-46.5E-06
+63.5000E-03,+807.8E-06
+63.6000E-03,+2.4158E-03
+63.7000E-03,+1.2601E-03
+63.8000E-03,-649.5E-06
+63.9000E-03,+506.3E-06
+64.0000E-03,+858.0E-06
+64.1000E-03,+1.8128E-03
+64.2000E-03,+1.4108E-03
+64.3000E-03,-599.2E-06
+64.4000E-03,-1.7048E-03
+64.5000E-03,+1.2601E-03
+64.6000E-03,+958.5E-06
+64.7000E-03,-398.2E-06
+64.8000E-03,+3.8E-06
+64.9000E-03,+154.5E-06
+65.0000E-03,+1.3103E-03
+65.1000E-03,-1.0515E-03
+65.2000E-03,-549.0E-06
+65.3000E-03,+1.1093E-03
+65.4000E-03,-398.2E-06
+65.5000E-03,-398.2E-06
+65.6000E-03,-197.2E-06
+65.7000E-03,-348.0E-06
+65.8000E-03,+355.5E-06
+65.9000E-03,-1.0515E-03
+66.0000E-03,-2.1068E-03
+66.1000E-03,+1.9636E-03
+66.2000E-03,-951.0E-06
+66.3000E-03,+3.8E-06
+66.4000E-03,-951.0E-06
+66.5000E-03,+2.3656E-03
+66.6000E-03,-2.6595E-03
+66.7000E-03,+757.5E-06
+66.8000E-03,-1.7048E-03
+66.9000E-03,-1.7048E-03
+67.0000E-03,+958.5E-06
+67.1000E-03,-2.1570E-03
+67.2000E-03,-498.7E-06
+67.3000E-03,-1.6545E-03
+67.4000E-03,+104.3E-06
+67.5000E-03,-398.2E-06
+67.6000E-03,+405.8E-06
+67.7000E-03,-2.6595E-03
+67.8000E-03,-297.7E-06
+67.9000E-03,+1.9636E-03
+68.0000E-03,+104.3E-06
+68.1000E-03,-649.5E-06
+68.2000E-03,-2.0565E-03
+68.3000E-03,+3.8E-06
+68.4000E-03,+556.5E-06
+68.5000E-03,-46.5E-06
+68.6000E-03,-3.4636E-03
+68.7000E-03,-247.5E-06
+68.8000E-03,+355.5E-06
+68.9000E-03,-247.5E-06
+69.0000E-03,-599.2E-06
+69.1000E-03,-3.8656E-03
+69.2000E-03,-1.7048E-03
+69.3000E-03,+154.5E-06
+69.4000E-03,+204.8E-06
+69.5000E-03,+456.0E-06
+69.6000E-03,-2.7601E-03
+69.7000E-03,+2.0138E-03
+69.8000E-03,+1.0590E-03
+69.9000E-03,+305.3E-06
+70.0000E-03,-900.8E-06
+70.1000E-03,-297.7E-06
+70.2000E-03,-448.5E-06
+70.3000E-03,+2.7173E-03
+70.4000E-03,-2.5590E-03
+70.5000E-03,+1.5113E-03
+70.6000E-03,+1.9133E-03
+70.7000E-03,-1.8555E-03
+70.8000E-03,+3.0188E-03
+70.9000E-03,+2.1143E-03
+71.0000E-03,+1.6621E-03
+71.1000E-03,-1.0515E-03
+71.2000E-03,+1.5616E-03
+71.3000E-03,+3.8E-06
+71.4000E-03,+305.3E-06
+71.5000E-03,+154.5E-06
+71.6000E-03,+2.0138E-03
+71.7000E-03,-1.6043E-03
+71.8000E-03,+1.6621E-03
+71.9000E-03,+556.5E-06
+72.0000E-03,-1.3028E-03
+72.1000E-03,+154.5E-06
+72.2000E-03,-1.2525E-03
+72.3000E-03,-1.2023E-03
+72.4000E-03,-900.8E-06
+72.5000E-03,-297.7E-06
+72.6000E-03,-900.8E-06
+72.7000E-03,-197.2E-06
+72.8000E-03,+405.8E-06
+72.9000E-03,-699.7E-06
+73.0000E-03,+2.7173E-03
+73.1000E-03,+707.3E-06
+73.2000E-03,-1.1018E-03
+73.3000E-03,+908.3E-06
+73.4000E-03,-1.8053E-03
+73.5000E-03,-1.4033E-03
+73.6000E-03,-649.5E-06
+73.7000E-03,-1.1018E-03
+73.8000E-03,+305.3E-06
+73.9000E-03,-1.2023E-03
+74.0000E-03,-599.2E-06
+74.1000E-03,+1.0590E-03
+74.2000E-03,+1.8631E-03
+74.3000E-03,+2.1143E-03
+74.4000E-03,+1.4611E-03
+74.5000E-03,-1.4535E-03
+74.6000E-03,+405.8E-06
+74.7000E-03,+154.5E-06
+74.8000E-03,+405.8E-06
+74.9000E-03,-750.0E-06
+75.0000E-03,+104.3E-06
+75.1000E-03,+255.0E-06
+75.2000E-03,-1.1520E-03
+75.3000E-03,+305.3E-06
+75.4000E-03,-1.8053E-03
+75.5000E-03,+1.4611E-03
+75.6000E-03,+1.3103E-03
+75.7000E-03,-1.1018E-03
+75.8000E-03,-1.2023E-03
+75.9000E-03,-147.0E-06
+76.0000E-03,-3.4636E-03
+76.1000E-03,-1.9560E-03
+76.2000E-03,-951.0E-06
+76.3000E-03,-1.0515E-03
+76.4000E-03,-1.6043E-03
+76.5000E-03,-46.5E-06
+76.6000E-03,+305.3E-06
+76.7000E-03,-1.3028E-03
+76.8000E-03,-147.0E-06
+76.9000E-03,+1.1093E-03
+77.0000E-03,-1.3530E-03
+77.1000E-03,-750.0E-06
+77.2000E-03,-1.3028E-03
+77.3000E-03,-147.0E-06
+77.4000E-03,+104.3E-06
+77.5000E-03,-2.8103E-03
+77.6000E-03,-2.4083E-03
+77.7000E-03,-2.7098E-03
+77.8000E-03,-2.7098E-03
+77.9000E-03,-1.0515E-03
+78.0000E-03,-2.8103E-03
+78.1000E-03,-2.2073E-03
+78.2000E-03,-1.4033E-03
+78.3000E-03,-2.5590E-03
+78.4000E-03,-348.0E-06
+78.5000E-03,-297.7E-06
+78.6000E-03,-649.5E-06
+78.7000E-03,-1.2023E-03
+78.8000E-03,+2.6671E-03
+78.9000E-03,+2.3656E-03
+79.0000E-03,-1.3530E-03
+79.1000E-03,+3.2198E-03
+79.2000E-03,-1.6545E-03
+79.3000E-03,-1.6545E-03
+79.4000E-03,+1.1595E-03
+79.5000E-03,+104.3E-06
+79.6000E-03,+1.4108E-03
+79.7000E-03,+1.7626E-03
+79.8000E-03,-549.0E-06
+79.9000E-03,+707.3E-06
+80.0000E-03,-2.3078E-03
+80.1000E-03,+1.1093E-03
+80.2000E-03,+1.7626E-03
+80.3000E-03,+405.8E-06
+80.4000E-03,+3.7726E-03
+80.5000E-03,+1.7626E-03
+80.6000E-03,-2.0063E-03
+80.7000E-03,+858.0E-06
+80.8000E-03,+104.3E-06
+80.9000E-03,-599.2E-06
+81.0000E-03,+1.0590E-03
+81.1000E-03,-599.2E-06
+81.2000E-03,+858.0E-06
+81.3000E-03,+1.7626E-03
+81.4000E-03,+1.7626E-03
+81.5000E-03,+908.3E-06
+81.6000E-03,-297.7E-06
+81.7000E-03,+1.9636E-03
+81.8000E-03,+556.5E-06
+81.9000E-03,+757.5E-06
+82.0000E-03,-2.2073E-03
+82.1000E-03,+1.4108E-03
+82.2000E-03,-1.8555E-03
+82.3000E-03,-2.9108E-03
+82.4000E-03,-2.0063E-03
+82.5000E-03,-1.5540E-03
+82.6000E-03,-46.5E-06
+82.7000E-03,+1.2098E-03
+82.8000E-03,-2.7098E-03
+82.9000E-03,-750.0E-06
+83.0000E-03,-1.8555E-03
+83.1000E-03,+204.8E-06
+83.2000E-03,+2.0641E-03
+83.3000E-03,-247.5E-06
+83.4000E-03,-2.7098E-03
+83.5000E-03,-1.8555E-03
+83.6000E-03,-348.0E-06
+83.7000E-03,+657.0E-06
+83.8000E-03,-1.2525E-03
+83.9000E-03,+1.5616E-03
+84.0000E-03,+707.3E-06
+84.1000E-03,-2.7601E-03
+84.2000E-03,+104.3E-06
+84.3000E-03,-1.0013E-03
+84.4000E-03,+2.5666E-03
+84.5000E-03,-1.7048E-03
+84.6000E-03,+456.0E-06
+84.7000E-03,+255.0E-06
+84.8000E-03,-1.9058E-03
+84.9000E-03,-1.0013E-03
+85.0000E-03,+355.5E-06
+85.1000E-03,-2.7601E-03
+85.2000E-03,-348.0E-06
+85.3000E-03,-2.7601E-03
+85.4000E-03,-96.7E-06
+85.5000E-03,-900.8E-06
+85.6000E-03,-1.2525E-03
+85.7000E-03,+908.3E-06
+85.8000E-03,-1.8555E-03
+85.9000E-03,-2.0565E-03
+86.0000E-03,-1.7550E-03
+86.1000E-03,+305.3E-06
+86.2000E-03,-2.0565E-03
+86.3000E-03,+807.8E-06
+86.4000E-03,+154.5E-06
+86.5000E-03,-800.3E-06
+86.6000E-03,+506.3E-06
+86.7000E-03,-2.5088E-03
+86.8000E-03,-850.5E-06
+86.9000E-03,-2.2575E-03
+87.0000E-03,-1.1520E-03
+87.1000E-03,+305.3E-06
+87.2000E-03,-699.7E-06
+87.3000E-03,+2.7676E-03
+87.4000E-03,+757.5E-06
+87.5000E-03,+1.5113E-03
+87.6000E-03,-1.3530E-03
+87.7000E-03,+606.8E-06
+87.8000E-03,+1.7626E-03
+87.9000E-03,+2.3153E-03
+88.0000E-03,-850.5E-06
+88.1000E-03,-800.3E-06
+88.2000E-03,+2.3656E-03
+88.3000E-03,+104.3E-06
+88.4000E-03,+3.8E-06
+88.5000E-03,+657.0E-06
+88.6000E-03,+355.5E-06
+88.7000E-03,+204.8E-06
+88.8000E-03,+1.9133E-03
+88.9000E-03,-1.3530E-03
+89.0000E-03,-46.5E-06
+89.1000E-03,+858.0E-06
+89.2000E-03,-1.2525E-03
+89.3000E-03,+908.3E-06
+89.4000E-03,-1.6043E-03
+89.5000E-03,-549.0E-06
+89.6000E-03,+1.8128E-03
+89.7000E-03,-1.5540E-03
+89.8000E-03,+506.3E-06
+89.9000E-03,-599.2E-06
+90.0000E-03,+606.8E-06
+90.1000E-03,-1.2023E-03
+90.2000E-03,-147.0E-06
+90.3000E-03,+305.3E-06
+90.4000E-03,+556.5E-06
+90.5000E-03,+757.5E-06
+90.6000E-03,-2.6595E-03
+90.7000E-03,-1.3530E-03
+90.8000E-03,+405.8E-06
+90.9000E-03,+355.5E-06
+91.0000E-03,-1.0515E-03
+91.1000E-03,-1.4033E-03
+91.2000E-03,-1.8555E-03
+91.3000E-03,-1.1520E-03
+91.4000E-03,-3.3631E-03
+91.5000E-03,+606.8E-06
+91.6000E-03,+1.9636E-03
+91.7000E-03,-2.4083E-03
+91.8000E-03,-2.0565E-03
+91.9000E-03,-1.4535E-03
+92.0000E-03,+305.3E-06
+92.1000E-03,-951.0E-06
+92.2000E-03,+54.0E-06
+92.3000E-03,-1.1018E-03
+92.4000E-03,+757.5E-06
+92.5000E-03,-1.4535E-03
+92.6000E-03,-2.4083E-03
+92.7000E-03,-448.5E-06
+92.8000E-03,-1.0013E-03
+92.9000E-03,-297.7E-06
+93.0000E-03,+456.0E-06
+93.1000E-03,+104.3E-06
+93.2000E-03,-900.8E-06
+93.3000E-03,-750.0E-06
+93.4000E-03,+1.4108E-03
+93.5000E-03,+204.8E-06
+93.6000E-03,-3.3128E-03
+93.7000E-03,-2.0565E-03
+93.8000E-03,-599.2E-06
+93.9000E-03,+757.5E-06
+94.0000E-03,+204.8E-06
+94.1000E-03,-2.9611E-03
+94.2000E-03,+405.8E-06
+94.3000E-03,-1.3028E-03
+94.4000E-03,-2.0565E-03
+94.5000E-03,-247.5E-06
+94.6000E-03,-2.9611E-03
+94.7000E-03,-2.4083E-03
+94.8000E-03,-549.0E-06
+94.9000E-03,-1.5038E-03
+95.0000E-03,-348.0E-06
+95.1000E-03,-4.1168E-03
+95.2000E-03,-1.5038E-03
+95.3000E-03,-599.2E-06
+95.4000E-03,+456.0E-06
+95.5000E-03,+255.0E-06
+95.6000E-03,-3.2626E-03
+95.7000E-03,-1.5038E-03
+95.8000E-03,+456.0E-06
+95.9000E-03,+1.5113E-03
+96.0000E-03,+456.0E-06
+96.1000E-03,+1.6118E-03
+96.2000E-03,-147.0E-06
+96.3000E-03,+3.1193E-03
+96.4000E-03,+1.6621E-03
+96.5000E-03,-2.4083E-03
+96.6000E-03,+2.8681E-03
+96.7000E-03,+1.7626E-03
+96.8000E-03,-1.8053E-03
+96.9000E-03,-1.7550E-03
+97.0000E-03,-951.0E-06
+97.1000E-03,+2.0138E-03
+97.2000E-03,+556.5E-06
+97.3000E-03,-46.5E-06
+97.4000E-03,+1.5113E-03
+97.5000E-03,+2.4158E-03
+97.6000E-03,+456.0E-06
+97.7000E-03,+1.2098E-03
+97.8000E-03,+1.7123E-03
+97.9000E-03,-951.0E-06
+98.0000E-03,+305.3E-06
+98.1000E-03,+707.3E-06
+98.2000E-03,-348.0E-06
+98.3000E-03,-750.0E-06
+98.4000E-03,-549.0E-06
+98.5000E-03,-1.1520E-03
+98.6000E-03,+255.0E-06
+98.7000E-03,+707.3E-06
+98.8000E-03,+305.3E-06
+98.9000E-03,-297.7E-06
+99.0000E-03,+2.1143E-03
+99.1000E-03,-850.5E-06
+99.2000E-03,+1.0590E-03
+99.3000E-03,-1.3530E-03
+99.4000E-03,-2.3580E-03
+99.5000E-03,-2.0063E-03
+99.6000E-03,-1.1520E-03
+99.7000E-03,+657.0E-06
+99.8000E-03,-3.0616E-03
+99.9000E-03,-750.0E-06
+100.0000E-03,-1.4535E-03
+100.1000E-03,-247.5E-06
